[
    {"char": " ", "bbox":null,"left":-8,"lines":[[]],"right":8},
    {"char": "!", "bbox":[[-1,-12],[1,9]],"left":-5,"lines":[[[0,-12],[0,2]],[[0,7],[0,9]]],"right":5},
    {"char": "\"", "bbox":[[-4,-12],[4,-5]],"left":-8,"lines":[[[-4,-12],[-4,-5]],[[4,-12],[4,-5]]],"right":8},
    {"char": "#", "bbox":[[-7,-16],[8,16]],"left":-10,"lines":[[[1,-16],[-6,16]],[[7,-16],[0,16]],[[-6,-3],[8,-3]],[[-7,3],[7,3]]],"right":11},
    {"char": "$", "bbox":[[-7,-16],[7,13]],"left":-10,"lines":[[[-2,-16],[-2,13]],[[2,-16],[2,13]],[[7,-9],[2,-12],[-5,-11],[-7,-7],[-5,-4],[6,1],[7,6],[2,9],[-7,6]]],"right":10},
    {"char": "%", "bbox":[[-9,-12],[9,9]],"left":-12,"lines":[[[9,-12],[-9,9]],[[-4,-12],[-2,-8],[-5,-5],[-9,-7],[-8,-11],[-4,-12],[1,-10],[7,-11],[9,-12]],[[5,2],[2,5],[4,9],[8,8],[9,4],[5,2]]],"right":12},
    {"char": "&", "bbox":[[-10,-12],[10,9]],"left":-13,"lines":[[[10,-3],[9,-5],[7,-4],[4,3],[0,8],[-9,7],[-10,3],[-8,0],[0,-5],[1,-9],[-2,-12],[-5,-9],[-4,-4],[3,6],[7,9],[10,7]]],"right":13},
    {"char": "'", "bbox":[[-1,-12],[1,-6]],"left":-5,"lines":[[[0,-10],[0,-12],[1,-9],[-1,-6]]],"right":5},
    {"char": "(", "bbox":[[-3,-16],[4,16]],"left":-7,"lines":[[[4,-16],[0,-11],[-3,-2],[-2,7],[2,14],[4,16]]],"right":7},
    {"char": ")", "bbox":[[-4,-16],[3,16]],"left":-7,"lines":[[[-4,-16],[0,-11],[3,-2],[2,7],[-2,14],[-4,16]]],"right":7},
    {"char": "*", "bbox":[[-5,-6],[5,6]],"left":-8,"lines":[[[0,-6],[0,6]],[[-5,-3],[5,3]],[[5,-3],[-5,3]]],"right":8},
    {"char": "+", "bbox":[[-9,-9],[9,9]],"left":-13,"lines":[[[0,-9],[0,9]],[[-9,0],[9,0]]],"right":13},
    {"char": ",", "bbox":[[-1,4],[1,9]],"left":-4,"lines":[[[1,5],[-1,5],[1,5],[-1,9]]],"right":4},
    {"char": "-", "bbox":[[-9,0],[9,0]],"left":-13,"lines":[[[-9,0],[9,0]]],"right":13},
    {"char": ".", "bbox":[[-1,4],[1,6]],"left":-4,"lines":[[[0,4],[0,6]]],"right":4},
    {"char": "/", "bbox":[[-9,-16],[9,16]],"left":-11,"lines":[[[9,-16],[-9,16]]],"right":11},
    {"char": "0", "bbox":[[-7,-12],[7,9]],"left":-10,"lines":[[[-1,-12],[-6,-8],[-7,0],[-4,8],[1,9],[6,5],[7,-3],[4,-11],[-1,-12]]],"right":10},
    {"char": "1", "bbox":[[-4,-12],[1,9]],"left":-10,"lines":[[[-4,-8],[1,-12],[1,9]]],"right":10},
    {"char": "2", "bbox":[[-7,-12],[7,9]],"left":-10,"lines":[[[-6,-7],[-5,-10],[-2,-12],[4,-11],[6,-8],[5,-4],[3,-1],[-7,9],[7,9]]],"right":10},
    {"char": "3", "bbox":[[-7,-12],[7,9]],"left":-10,"lines":[[[-5,-12],[6,-12],[0,-4],[5,-3],[7,1],[6,6],[1,9],[-5,8],[-7,5]]],"right":10},
    {"char": "4", "bbox":[[-7,-12],[8,9]],"left":-10,"lines":[[[3,-12],[-7,2],[8,2]],[[3,-12],[3,9]]],"right":10},
    {"char": "5", "bbox":[[-7,-12],[7,9]],"left":-10,"lines":[[[5,-12],[-5,-12],[-6,-3],[4,-4],[7,1],[6,6],[1,9],[-5,8],[-7,5]]],"right":10},
    {"char": "6", "bbox":[[-6,-12],[7,9]],"left":-10,"lines":[[[6,-9],[2,-12],[-3,-11],[-6,-3],[-5,6],[0,9],[4,8],[7,3],[6,-1],[1,-4],[-3,-3],[-6,2]]],"right":10},
    {"char": "7", "bbox":[[-7,-12],[7,9]],"left":-10,"lines":[[[7,-12],[-3,9]],[[-7,-12],[7,-12]]],"right":10},
    {"char": "8", "bbox":[[-7,-12],[7,9]],"left":-10,"lines":[[[-2,-12],[-6,-9],[-5,-5],[1,-3],[6,0],[7,5],[5,8],[-2,9],[-6,7],[-7,2],[-4,-2],[3,-4],[6,-7],[5,-11],[-2,-12]]],"right":10},
    {"char": "9", "bbox":[[-7,-12],[6,9]],"left":-10,"lines":[[[6,-5],[3,0],[-1,1],[-6,-2],[-7,-6],[-4,-11],[0,-12],[5,-9],[6,0],[3,8],[-2,9],[-6,6]]],"right":10},
    {"char": ":", "bbox":[[-1,-3],[1,6]],"left":-4,"lines":[[[0,-3],[0,-1]],[[0,4],[0,6]]],"right":4},
    {"char": ";", "bbox":[[-1,-3],[1,9]],"left":-4,"lines":[[[0,-3],[0,-1],[0,-3]],[[1,5],[1,5],[1,7],[-1,9]]],"right":4},
    {"char": "<", "bbox":[[-8,-9],[8,9]],"left":-12,"lines":[[[8,-9],[-8,0],[8,9]]],"right":12},
    {"char": "=", "bbox":[[-9,-3],[9,3]],"left":-13,"lines":[[[-9,-3],[9,-3]],[[-9,3],[9,3]]],"right":13},
    {"char": ">", "bbox":[[-8,-9],[8,9]],"left":-12,"lines":[[[-8,-9],[8,0],[-8,9]]],"right":12},
    {"char": "?", "bbox":[[-6,-12],[6,9]],"left":-9,"lines":[[[-6,-7],[-5,-10],[-2,-12],[4,-11],[6,-8],[5,-4],[0,-1],[0,2]],[[0,7],[0,9]]],"right":9},
    {"char": "@", "bbox":[[-10,-12],[11,9]],"left":-13,"lines":[[[2,-7],[-3,-6],[-4,3],[4,1]],[[-1,-7],[-4,-2],[-3,3],[-2,4]],[[5,-7],[4,3],[8,4],[11,-1],[10,-6],[7,-10],[2,-12],[-4,-11],[-8,-8],[-10,-3],[-9,3],[-6,7],[-1,9],[5,8],[8,6]]],"right":14},
    {"char": "A", "bbox":[[-8,-12],[8,9]],"left":-9,"lines":[[[0,-12],[-8,9]],[[0,-12],[8,9]],[[-5,2],[5,2]]],"right":9},
    {"char": "B", "bbox":[[-7,-12],[7,9]],"left":-11,"lines":[[[-7,-12],[-7,9]],[[-7,-12],[5,-11],[7,-8],[6,-4],[2,-2]],[[-7,-2],[5,-1],[7,2],[7,5],[5,8],[-7,9]]],"right":10},
    {"char": "C", "bbox":[[-7,-12],[8,9]],"left":-10,"lines":[[[8,-7],[5,-11],[-1,-12],[-5,-9],[-7,-4],[-6,4],[-3,8],[3,9],[8,4]]],"right":11},
    {"char": "D", "bbox":[[-7,-12],[7,9]],"left":-11,"lines":[[[-7,-12],[-7,9]],[[-7,-12],[3,-11],[6,-7],[7,1],[5,6],[0,9],[-7,9]]],"right":10},
    {"char": "E", "bbox":[[-6,-12],[7,9]],"left":-10,"lines":[[[-6,-12],[-6,9]],[[-6,-12],[7,-12]],[[-6,-2],[2,-2]],[[-6,9],[7,9]]],"right":9},
    {"char": "F", "bbox":[[-6,-12],[7,9]],"left":-10,"lines":[[[-6,-12],[-6,9]],[[-6,-12],[7,-12]],[[-6,-2],[2,-2]]],"right":8},
    {"char": "G", "bbox":[[-7,-12],[8,9]],"left":-10,"lines":[[[8,-7],[5,-11],[-1,-12],[-5,-9],[-7,-4],[-6,4],[-3,8],[3,9],[7,6],[8,1]],[[3,1],[8,1]]],"right":11},
    {"char": "H", "bbox":[[-7,-12],[7,9]],"left":-11,"lines":[[[-7,-12],[-7,9]],[[7,-12],[7,9]],[[-7,-2],[7,-2]]],"right":11},
    {"char": "I", "bbox":[[0,-12],[0,9]],"left":-4,"lines":[[[0,-12],[0,9]]],"right":4},
    {"char": "J", "bbox":[[-6,-12],[4,9]],"left":-8,"lines":[[[4,-12],[4,4],[2,8],[-2,9],[-5,7],[-6,2]]],"right":8},
    {"char": "K", "bbox":[[-7,-12],[7,9]],"left":-11,"lines":[[[-7,-12],[-7,9]],[[7,-12],[-7,2]],[[-2,-3],[7,9]]],"right":10},
    {"char": "L", "bbox":[[-6,-12],[6,9]],"left":-10,"lines":[[[-6,-12],[-6,9]],[[-6,9],[6,9]]],"right":7},
    {"char": "M", "bbox":[[-8,-12],[8,9]],"left":-12,"lines":[[[-8,-12],[-8,9]],[[-8,-12],[0,9]],[[8,-12],[0,9]],[[8,-12],[8,9]]],"right":12},
    {"char": "N", "bbox":[[-7,-12],[7,9]],"left":-11,"lines":[[[-7,-12],[-7,9]],[[-7,-12],[7,9]],[[7,-12],[7,9]]],"right":11},
    {"char": "O", "bbox":[[-8,-12],[8,9]],"left":-11,"lines":[[[-2,-12],[-6,-9],[-8,-4],[-7,4],[-4,8],[2,9],[6,6],[8,1],[7,-7],[4,-11],[-2,-12]]],"right":11},
    {"char": "P", "bbox":[[-7,-12],[7,9]],"left":-11,"lines":[[[-7,-12],[-7,9]],[[-7,-12],[2,-12],[6,-10],[7,-5],[5,-2],[2,-1],[-7,-1]]],"right":10},
    {"char": "Q", "bbox":[[-8,-12],[8,11]],"left":-11,"lines":[[[-2,-12],[-6,-9],[-8,-4],[-7,4],[-4,8],[2,9],[6,6],[8,1],[7,-7],[4,-11],[-2,-12]],[[1,5],[7,11]]],"right":11},
    {"char": "R", "bbox":[[-7,-12],[7,9]],"left":-11,"lines":[[[-7,-12],[-7,9]],[[-7,-12],[2,-12],[6,-10],[5,-3],[2,-2],[-7,-2]],[[0,-2],[7,9]]],"right":10},
    {"char": "S", "bbox":[[-7,-12],[7,9]],"left":-10,"lines":[[[7,-9],[2,-12],[-5,-11],[-7,-7],[-5,-4],[3,-1],[6,1],[7,6],[2,9],[-5,8],[-7,6]]],"right":10},
    {"char": "T", "bbox":[[-7,-12],[7,9]],"left":-8,"lines":[[[0,-12],[0,9]],[[-7,-12],[7,-12]]],"right":8},
    {"char": "U", "bbox":[[-7,-12],[7,9]],"left":-11,"lines":[[[-7,-12],[-7,3],[-4,8],[1,9],[6,6],[7,3],[7,-12]]],"right":11},
    {"char": "V", "bbox":[[-8,-12],[8,9]],"left":-9,"lines":[[[-8,-12],[0,9]],[[8,-12],[0,9]]],"right":9},
    {"char": "W", "bbox":[[-10,-12],[10,9]],"left":-12,"lines":[[[-10,-12],[-5,9]],[[0,-12],[-5,9]],[[0,-12],[5,9]],[[10,-12],[5,9]]],"right":12},
    {"char": "X", "bbox":[[-7,-12],[7,9]],"left":-10,"lines":[[[-7,-12],[7,9]],[[7,-12],[-7,9]]],"right":10},
    {"char": "Y", "bbox":[[-8,-12],[8,9]],"left":-9,"lines":[[[-8,-12],[0,-2],[0,9]],[[8,-12],[0,-2]]],"right":9},
    {"char": "Z", "bbox":[[-7,-12],[7,9]],"left":-10,"lines":[[[7,-12],[-7,9]],[[-7,-12],[7,-12]],[[-7,9],[7,9]]],"right":10},
    {"char": "[", "bbox":[[-3,-16],[4,16]],"left":-7,"lines":[[[-3,-16],[-3,16]],[[-3,-16],[4,-16]],[[-3,16],[4,16]]],"right":7},
    {"char": "\\", "bbox":[[-7,-12],[7,12]],"left":-7,"lines":[[[-7,-12],[7,12]]],"right":7},
    {"char": "]", "bbox":[[-4,-16],[3,16]],"left":-7,"lines":[[[2,-16],[2,16]],[[-4,-16],[3,-16]],[[-4,16],[3,16]]],"right":7},
    {"char": "^", "bbox":[[-8,-14],[8,0]],"left":-8,"lines":[[[0,-14],[-8,0]],[[0,-14],[8,0]]],"right":8},
    {"char": "_", "bbox":[[-9,16],[9,16]],"left":-9,"lines":[[[-9,16],[9,16]]],"right":9},
    {"char": "`", "bbox":[[-1,-7],[1,-2]],"left":-4,"lines":[[[1,-7],[-1,-3],[1,-3]]],"right":4},
    {"char": "a", "bbox":[[-6,-5],[6,9]],"left":-9,"lines":[[[6,-5],[6,9]],[[6,-2],[2,-5],[-3,-4],[-6,1],[-5,6],[-1,9],[6,6]]],"right":10},
    {"char": "b", "bbox":[[-6,-12],[6,9]],"left":-10,"lines":[[[-6,-12],[-6,9]],[[-6,-2],[-2,-5],[3,-4],[6,1],[5,6],[1,9],[-6,6]]],"right":9},
    {"char": "c", "bbox":[[-6,-5],[6,9]],"left":-9,"lines":[[[6,-2],[2,-5],[-3,-4],[-6,1],[-5,6],[-1,9],[6,6]]],"right":9},
    {"char": "d", "bbox":[[-6,-12],[6,9]],"left":-9,"lines":[[[6,-12],[6,9]],[[6,-2],[2,-5],[-3,-4],[-6,1],[-5,6],[-1,9],[6,6]]],"right":10},
    {"char": "e", "bbox":[[-6,-5],[6,9]],"left":-9,"lines":[[[-6,1],[6,1],[6,-1],[4,-4],[-1,-5],[-5,-2],[-6,3],[-3,8],[2,9],[6,6]]],"right":9},
    {"char": "f", "bbox":[[-3,-12],[5,9]],"left":-5,"lines":[[[5,-12],[1,-11],[0,-8],[0,9]],[[-3,-5],[4,-5]]],"right":7},
    {"char": "g", "bbox":[[-6,-5],[6,16]],"left":-9,"lines":[[[6,-5],[6,11],[4,15],[-3,15]],[[6,-2],[2,-5],[-3,-4],[-6,1],[-5,6],[-1,9],[6,6]]],"right":10},
    {"char": "h", "bbox":[[-5,-12],[6,9]],"left":-9,"lines":[[[-5,-12],[-5,9]],[[-5,-1],[0,-5],[5,-4],[6,9]]],"right":10},
    {"char": "i", "bbox":[[-1,-13],[1,9]],"left":-4,"lines":[[[-1,-12],[1,-12]],[[0,-5],[0,9]]],"right":4},
    {"char": "j", "bbox":[[-4,-13],[2,16]],"left":-5,"lines":[[[0,-12],[2,-12]],[[1,-5],[1,12],[-2,16],[-4,16]]],"right":5},
    {"char": "k", "bbox":[[-5,-12],[6,9]],"left":-9,"lines":[[[-5,-12],[-5,9]],[[5,-5],[-5,5]],[[-1,1],[6,9]]],"right":8},
    {"char": "l", "bbox":[[0,-12],[0,9]],"left":-4,"lines":[[[0,-12],[0,9]]],"right":4},
    {"char": "m", "bbox":[[-11,-5],[11,9]],"left":-15,"lines":[[[-11,-5],[-11,9]],[[-11,-1],[-6,-5],[-1,-4],[0,-1],[0,9]],[[0,-1],[3,-4],[8,-5],[11,-1],[11,9]]],"right":15},
    {"char": "n", "bbox":[[-5,-5],[6,9]],"left":-9,"lines":[[[-5,-5],[-5,9]],[[-5,-1],[0,-5],[5,-4],[6,-1],[6,9]]],"right":10},
    {"char": "o", "bbox":[[-6,-5],[7,9]],"left":-9,"lines":[[[-1,-5],[-5,-2],[-6,3],[-3,8],[2,9],[6,6],[7,1],[4,-4],[-1,-5]]],"right":10},
    {"char": "p", "bbox":[[-6,-5],[6,16]],"left":-10,"lines":[[[-6,-5],[-6,16]],[[-6,-2],[-2,-5],[3,-4],[6,1],[5,6],[1,9],[-6,6]]],"right":9},
    {"char": "q", "bbox":[[-6,-5],[6,16]],"left":-9,"lines":[[[6,-5],[6,16]],[[6,-2],[-1,-5],[-5,-2],[-6,3],[-3,8],[2,9],[6,6]]],"right":10},
    {"char": "r", "bbox":[[-3,-5],[5,9]],"left":-7,"lines":[[[-3,-5],[-3,9]],[[-3,1],[0,-4],[5,-5]]],"right":6},
    {"char": "s", "bbox":[[-5,-5],[6,9]],"left":-8,"lines":[[[6,-2],[2,-5],[-4,-4],[-4,0],[3,2],[6,5],[5,8],[-1,9],[-5,6]]],"right":9},
    {"char": "t", "bbox":[[-3,-12],[5,9]],"left":-5,"lines":[[[0,-12],[0,5],[1,8],[5,9]],[[-3,-5],[4,-5]]],"right":7},
    {"char": "u", "bbox":[[-5,-5],[6,9]],"left":-9,"lines":[[[-5,-5],[-5,5],[-4,8],[3,8],[6,5]],[[6,-5],[6,9]]],"right":10},
    {"char": "v", "bbox":[[-6,-5],[6,9]],"left":-8,"lines":[[[-6,-5],[0,9]],[[6,-5],[0,9]]],"right":8},
    {"char": "w", "bbox":[[-8,-5],[8,9]],"left":-11,"lines":[[[-8,-5],[-4,9]],[[0,-5],[-4,9]],[[0,-5],[4,9]],[[8,-5],[4,9]]],"right":11},
    {"char": "x", "bbox":[[-5,-5],[6,9]],"left":-8,"lines":[[[-5,-5],[6,9]],[[6,-5],[-5,9]]],"right":9},
    {"char": "y", "bbox":[[-7,-5],[6,16]],"left":-8,"lines":[[[-6,-5],[0,9]],[[6,-5],[0,9],[-4,15],[-7,16]]],"right":8},
    {"char": "z", "bbox":[[-5,-5],[6,9]],"left":-8,"lines":[[[6,-5],[-5,9]],[[-5,-5],[6,-5]],[[-5,9],[6,9]]],"right":9},
    {"char": "{", "bbox":[[-3,-16],[2,16]],"left":-7,"lines":[[[2,-16],[-1,-14],[-2,-10],[0,-7],[1,-3],[-1,-1]],[[0,-15],[-1,-11],[1,-8],[2,-4],[-3,0],[2,4],[1,8],[-1,11],[0,15]],[[-1,1],[1,5],[-1,8],[-2,12],[0,15],[2,16]]],"right":7},
    {"char": "|", "bbox":[[0,-16],[0,16]],"left":-4,"lines":[[[0,-16],[0,16]]],"right":4},
    {"char": "}", "bbox":[[-2,-16],[3,16]],"left":-7,"lines":[[[-2,-16],[1,-14],[2,-10],[0,-7],[-1,-3],[1,-1]],[[0,-15],[1,-11],[-1,-8],[-2,-4],[3,0],[-2,4],[-1,8],[1,13],[0,15]],[[1,1],[-1,5],[1,8],[2,12],[0,15],[-2,16]]],"right":7},
    {"char": "~", "bbox":[[-9,-3],[9,3]],"left":-12,"lines":[[[-9,3],[-8,-2],[-4,-3],[2,1],[6,2],[9,-1]]],"right":12}
]